{"cameraMode":{"drawMode":0,"name":"Shaded","section":"Shading Mode"},"sceneLighting":true,"audioPlay":false,"sceneViewState":{"showFog":true,"showMaterialUpdate":false,"showSkybox":true,"showFlares":true,"showImageEffects":true,"showParticleSystems":true},"in2DMode":false,"pivot":{"x":0.3144487738609314,"y":1.8781815767288209,"z":4.308162689208984},"rotation":{"x":-0.06761491298675537,"y":-0.37147361040115359,"z":0.02713744528591633,"w":-0.9255804419517517},"size":11.920763969421387,"orthographic":false}