{"cameraMode":{"drawMode":0,"name":"Shaded","section":"Shading Mode"},"sceneLighting":true,"audioPlay":false,"sceneViewState":{"showFog":true,"showMaterialUpdate":false,"showSkybox":true,"showFlares":true,"showImageEffects":true,"showParticleSystems":true},"in2DMode":false,"pivot":{"x":4.426338195800781,"y":6.439870834350586,"z":12.06334400177002},"rotation":{"x":-0.003456554841250181,"y":0.9900574088096619,"z":-0.13843277096748353,"w":-0.024715790525078775},"size":11.920763969421387,"orthographic":false}