{"cameraMode":{"drawMode":0,"name":"Shaded","section":"Shading Mode"},"sceneLighting":true,"audioPlay":false,"sceneViewState":{"showFog":true,"showMaterialUpdate":false,"showSkybox":true,"showFlares":true,"showImageEffects":true,"showParticleSystems":true},"in2DMode":false,"pivot":{"x":29.474416732788087,"y":12.710000038146973,"z":-2.5496513843536379},"rotation":{"x":-0.13846538960933686,"y":-0.8472416996955872,"z":0.2684793770313263,"w":-0.43695271015167239},"size":4.041658401489258,"orthographic":false}