{"cameraMode":{"drawMode":0,"name":"Shaded","section":"Shading Mode"},"sceneLighting":true,"audioPlay":false,"sceneViewState":{"showFog":true,"showMaterialUpdate":false,"showSkybox":true,"showFlares":true,"showImageEffects":true,"showParticleSystems":true},"in2DMode":false,"pivot":{"x":-9.237853050231934,"y":7.5273895263671879,"z":10.63007926940918},"rotation":{"x":0.19505704939365388,"y":-0.39919009804725649,"z":0.08733149617910385,"w":0.8916127681732178},"size":26.66577911376953,"orthographic":false}