{"cameraMode":{"drawMode":0,"name":"Shaded","section":"Shading Mode"},"sceneLighting":true,"audioPlay":false,"sceneViewState":{"showFog":true,"showMaterialUpdate":false,"showSkybox":true,"showFlares":true,"showImageEffects":true,"showParticleSystems":true},"in2DMode":false,"pivot":{"x":0.22121182084083558,"y":0.17727497220039369,"z":-0.2829267084598541},"rotation":{"x":-0.08673888444900513,"y":0.8840287327766419,"z":-0.1817893236875534,"w":-0.42181259393692019},"size":7.8824872970581059,"orthographic":false}