{"cameraMode":{"drawMode":0,"name":"Shaded","section":"Shading Mode"},"sceneLighting":true,"audioPlay":false,"sceneViewState":{"showFog":false,"showMaterialUpdate":false,"showSkybox":false,"showFlares":false,"showImageEffects":false,"showParticleSystems":false},"in2DMode":false,"pivot":{"x":-0.703839123249054,"y":-78.256103515625,"z":78.05323028564453},"rotation":{"x":-0.3875216841697693,"y":0.013269083574414254,"z":-0.005237226374447346,"w":-0.9221844673156738},"size":163.31460571289063,"orthographic":false}