{"cameraMode":{"drawMode":0,"name":"Shaded","section":"Shading Mode"},"sceneLighting":true,"audioPlay":false,"sceneViewState":{"showFog":true,"showMaterialUpdate":false,"showSkybox":true,"showFlares":true,"showImageEffects":true,"showParticleSystems":true},"in2DMode":false,"pivot":{"x":0.22121182084083558,"y":0.17727497220039369,"z":-0.2829267084598541},"rotation":{"x":0.01982058398425579,"y":0.9758645296096802,"z":-0.1930563896894455,"w":0.10018141567707062},"size":13.367762565612793,"orthographic":false}