{"cameraMode":{"drawMode":0,"name":"Shaded","section":"Shading Mode"},"sceneLighting":true,"audioPlay":false,"sceneViewState":{"showFog":true,"showMaterialUpdate":false,"showSkybox":true,"showFlares":true,"showImageEffects":true,"showParticleSystems":true},"in2DMode":false,"pivot":{"x":-14.608383178710938,"y":-0.5703125,"z":4.914225101470947},"rotation":{"x":0.3415659964084625,"y":0.039460889995098117,"z":-0.014348275028169155,"w":0.9389352798461914},"size":2.8578836917877199,"orthographic":true}