{"cameraMode":{"drawMode":0,"name":"Shaded","section":"Shading Mode"},"sceneLighting":true,"audioPlay":false,"sceneViewState":{"showFog":true,"showMaterialUpdate":false,"showSkybox":true,"showFlares":true,"showImageEffects":true,"showParticleSystems":true},"in2DMode":false,"pivot":{"x":11.738362312316895,"y":5.7149505615234379,"z":7.484899044036865},"rotation":{"x":0.3831719160079956,"y":0.24523824453353883,"z":-0.10631047934293747,"w":0.8842874765396118},"size":28.485937118530275,"orthographic":false}